,accuracy,precision,recall,f1_score
decision_tree.joblib,0.7125621007806955,0.4574468085106383,0.46112600536193027,0.459279038718291
logistic_regression.joblib,0.8147622427253371,0.6842105263157895,0.5576407506702413,0.6144756277695717
random_forest.joblib,0.794180269694819,0.6476868327402135,0.4879356568364611,0.5565749235474006
